"";"V1"
"1";"0610040J01Rik"
"2";"1190007I07Rik"
"3";"1500009L16Rik"
"4";"1700012B09Rik"
"5";"1700020L24Rik"
"6";"1700025G04Rik"
"7";"1700028J19Rik"
"8";"1810024B03Rik"
"9";"1810037I17Rik"
"10";"2210016F16Rik"
"11";"2310022B05Rik"
"12";"2310033P09Rik"
"13";"2310039H08Rik"
"14";"2610301B20Rik"
"15";"2610318N02Rik"
"16";"2700097O09Rik"
"17";"2810004N23Rik"
"18";"3110082I17Rik"
"19";"3830403N18Rik"
"20";"4930430F08Rik"
"21";"4930438A08Rik"
"22";"4930447C04Rik"
"23";"4930579G24Rik"
"24";"4933434E20Rik"
"25";"9530077C05Rik"
"26";"A430005L14Rik"
"27";"AA467197"
"28";"AI987944"
"29";"Aars"
"30";"Aarsd1"
"31";"Aasdhppt"
"32";"Abat"
"33";"Abca1"
"34";"Abca3"
"35";"Abca9"
"36";"Abcb10"
"37";"Abcb4"
"38";"Abcb6"
"39";"Abcb9"
"40";"Abcc1"
"41";"Abcd2"
"42";"Abce1"
"43";"Abcf1"
"44";"Abcf2"
"45";"Abcg1"
"46";"Abcg2"
"47";"Abhd11"
"48";"Abhd14a"
"49";"Abhd16a"
"50";"Abhd2"
"51";"Abhd5"
"52";"Abi3"
"53";"Ablim1"
"54";"Acaa2"
"55";"Acad11"
"56";"Acad9"
"57";"Ace"
"58";"Ache"
"59";"Ackr1"
"60";"Aco2"
"61";"Acot1"
"62";"Acot13"
"63";"Acot2"
"64";"Acot7"
"65";"Acp1"
"66";"Acp5"
"67";"Acp6"
"68";"Acsbg1"
"69";"Acsl1"
"70";"Acsl5"
"71";"Acsl6"
"72";"Acss1"
"73";"Acss2"
"74";"Acta2"
"75";"Actb"
"76";"Actn1"
"77";"Actn4"
"78";"Acvrl1"
"79";"Acy1"
"80";"Adam11"
"81";"Adam8"
"82";"Adck5"
"83";"Adcy3"
"84";"Add2"
"85";"Adgre1"
"86";"Adgre4"
"87";"Adgre5"
"88";"Adgrg1"
"89";"Adgrg3"
"90";"Adgrl1"
"91";"Adgrl2"
"92";"Adgrl4"
"93";"Adk"
"94";"Adm"
"95";"Adora2b"
"96";"Adora3"
"97";"Adpgk"
"98";"Adrb2"
"99";"Adrm1"
"100";"Adsl"
"101";"Adssl1"
"102";"Afap1"
"103";"Afdn"
"104";"Aff3"
"105";"Afg3l1"
"106";"Afg3l2"
"107";"Afp"
"108";"Agap1"
"109";"Aggf1"
"110";"Agl"
"111";"Agpat3"
"112";"Agpat4"
"113";"Agpat5"
"114";"Agtr1a"
"115";"Ahctf1"
"116";"Ahcy"
"117";"Ahnak"
"118";"Ahsa1"
"119";"Aif1"
"120";"Aimp2"
"121";"Ak2"
"122";"Ak3"
"123";"Ak4"
"124";"Ak6"
"125";"Akap12"
"126";"Akr1b7"
"127";"Akr1e1"
"128";"Alad"
"129";"Alas1"
"130";"Alas2"
"131";"Alcam"
"132";"Aldh18a1"
"133";"Aldh1a1"
"134";"Aldh1b1"
"135";"Aldh3b1"
"136";"Aldoc"
"137";"Alg9"
"138";"Alkbh8"
"139";"Alox15"
"140";"Alox5"
"141";"Alox5ap"
"142";"Alox8"
"143";"Alpl"
"144";"Alyref"
"145";"Amd1"
"146";"Ammecr1"
"147";"Ampd3"
"148";"Anapc15"
"149";"Anapc5"
"150";"Angpt1"
"151";"Angptl4"
"152";"Ank"
"153";"Ank1"
"154";"Ankle1"
"155";"Ankrd26"
"156";"Ankrd33b"
"157";"Anp32b"
"158";"Anxa1"
"159";"Anxa2"
"160";"Anxa3"
"161";"Anxa5"
"162";"Anxa6"
"163";"Ap1b1"
"164";"Ap1s2"
"165";"Ap3s1"
"166";"Apbb1ip"
"167";"Apeh"
"168";"Apex1"
"169";"Aplf"
"170";"Aplp2"
"171";"Apobec1"
"172";"Apobec3"
"173";"Apoc1"
"174";"Apoe"
"175";"Apol8"
"176";"App"
"177";"Aqp1"
"178";"Aqp11"
"179";"Aqp9"
"180";"Ar"
"181";"Arap2"
"182";"Arg2"
"183";"Arhgap11a"
"184";"Arhgap19"
"185";"Arhgef12"
"186";"Arhgef25"
"187";"Arhgef39"
"188";"Arhgef40"
"189";"Arid5b"
"190";"Arl11"
"191";"Arl16"
"192";"Arl4a"
"193";"Arl4c"
"194";"Arl5a"
"195";"Arl5c"
"196";"Arl6ip1"
"197";"Armc3"
"198";"Armc6"
"199";"Armcx6"
"200";"Arntl"
"201";"Arpc1a"
"202";"Arpc5l"
"203";"Arpp21"
"204";"Arrdc3"
"205";"Arsb"
"206";"As3mt"
"207";"Asap1"
"208";"Asb2"
"209";"Asf1a"
"210";"Asf1b"
"211";"Asns"
"212";"Asph"
"213";"Aspm"
"214";"Asprv1"
"215";"Ass1"
"216";"Atad3a"
"217";"Atad5"
"218";"Atf3"
"219";"Atf4"
"220";"Atic"
"221";"Atp13a3"
"222";"Atp1b1"
"223";"Atp1b2"
"224";"Atp1b3"
"225";"Atp23"
"226";"Atp2a1"
"227";"Atp2b1"
"228";"Atp2b4"
"229";"Atp4a"
"230";"Atp5b"
"231";"Atp5g1"
"232";"Atp5g3"
"233";"Atp5j2"
"234";"Atp5k"
"235";"Atp5o"
"236";"Atp6ap2"
"237";"Atp6v0a1"
"238";"Atp7b"
"239";"Atp8a1"
"240";"Atp8b4"
"241";"Atpaf2"
"242";"Atpif1"
"243";"Atr"
"244";"Atrn"
"245";"Aunip"
"246";"Auts2"
"247";"Aven"
"248";"Axl"
"249";"B3galt6"
"250";"B3glct"
"251";"B3gnt5"
"252";"B3gnt8"
"253";"B4galnt1"
"254";"B4galt4"
"255";"B4galt6"
"256";"BC003965"
"257";"BC028528"
"258";"BC035044"
"259";"BC055324"
"260";"BC147527"
"261";"Bach2"
"262";"Bag1"
"263";"Bag2"
"264";"Bambi"
"265";"Banf1"
"266";"Bank1"
"267";"Bard1"
"268";"Basp1"
"269";"Batf3"
"270";"Bax"
"271";"Baz1a"
"272";"Bbip1"
"273";"Bcap29"
"274";"Bcas1"
"275";"Bcas2"
"276";"Bcat1"
"277";"Bcat2"
"278";"Bccip"
"279";"Bcl11a"
"280";"Bcl11b"
"281";"Bcl2"
"282";"Bcl2a1a"
"283";"Bcl2a1b"
"284";"Bcl2a1d"
"285";"Bcl2l1"
"286";"Bcl2l13"
"287";"Bcl7a"
"288";"Bdh1"
"289";"Bdh2"
"290";"Bex1"
"291";"Bex3"
"292";"Bex4"
"293";"Bex6"
"294";"Bfsp2"
"295";"Bhlhe40"
"296";"Bin1"
"297";"Birc3"
"298";"Blk"
"299";"Blnk"
"300";"Bloc1s5"
"301";"Blvra"
"302";"Blvrb"
"303";"Bmp2k"
"304";"Bmpr1a"
"305";"Bms1"
"306";"Bmx"
"307";"Bmyc"
"308";"Bok"
"309";"Bola1"
"310";"Bola2"
"311";"Bola3"
"312";"Bop1"
"313";"Bora"
"314";"Bpgm"
"315";"Bphl"
"316";"Brca1"
"317";"Brca2"
"318";"Brd8"
"319";"Brix1"
"320";"Bsg"
"321";"Bsn"
"322";"Bspry"
"323";"Bst1"
"324";"Bst2"
"325";"Btaf1"
"326";"Btbd9"
"327";"Btf3"
"328";"Btg2"
"329";"Btla"
"330";"Btnl10"
"331";"Btnl9"
"332";"Bub1b"
"333";"Bub3"
"334";"Bysl"
"335";"Bzw2"
"336";"C1galt1"
"337";"C1galt1c1"
"338";"C1qa"
"339";"C1qb"
"340";"C1qbp"
"341";"C1qc"
"342";"C1rl"
"343";"C2cd5"
"344";"C3"
"345";"C5ar1"
"346";"Cacna1e"
"347";"Cacybp"
"348";"Cad"
"349";"Cadm1"
"350";"Calm2"
"351";"Calr"
"352";"Camk1d"
"353";"Camk2a"
"354";"Camk2b"
"355";"Camk2d"
"356";"Camk2n1"
"357";"Camp"
"358";"Camsap2"
"359";"Canx"
"360";"Capn2"
"361";"Car1"
"362";"Car2"
"363";"Car3"
"364";"Card10"
"365";"Carhsp1"
"366";"Carm1"
"367";"Carnmt1"
"368";"Cars"
"369";"Casp1"
"370";"Casp3"
"371";"Cbfa2t3"
"372";"Cbr2"
"373";"Cbx3"
"374";"Ccdc124"
"375";"Ccdc125"
"376";"Ccdc148"
"377";"Ccdc162"
"378";"Ccdc163"
"379";"Ccdc18"
"380";"Ccdc180"
"381";"Ccdc191"
"382";"Ccdc34"
"383";"Ccdc58"
"384";"Ccdc68"
"385";"Ccdc84"
"386";"Ccdc86"
"387";"Ccdc91"
"388";"Ccl2"
"389";"Ccl3"
"390";"Ccl4"
"391";"Ccl5"
"392";"Ccl6"
"393";"Ccl9"
"394";"Ccna2"
"395";"Ccnb1"
"396";"Ccnd1"
"397";"Ccnd2"
"398";"Ccnd3"
"399";"Ccne1"
"400";"Ccnf"
"401";"Ccng2"
"402";"Ccno"
"403";"Ccny"
"404";"Ccr1"
"405";"Ccr10"
"406";"Ccr2"
"407";"Ccr3"
"408";"Ccr5"
"409";"Ccr7"
"410";"Ccr9"
"411";"Cct2"
"412";"Cct3"
"413";"Cct4"
"414";"Cct5"
"415";"Cct6a"
"416";"Cct7"
"417";"Cct8"
"418";"Cd14"
"419";"Cd160"
"420";"Cd163"
"421";"Cd177"
"422";"Cd180"
"423";"Cd19"
"424";"Cd2"
"425";"Cd200"
"426";"Cd200r1"
"427";"Cd200r3"
"428";"Cd200r4"
"429";"Cd209a"
"430";"Cd209d"
"431";"Cd209f"
"432";"Cd209g"
"433";"Cd22"
"434";"Cd226"
"435";"Cd247"
"436";"Cd24a"
"437";"Cd27"
"438";"Cd28"
"439";"Cd2ap"
"440";"Cd300c"
"441";"Cd300lb"
"442";"Cd300ld"
"443";"Cd300lf"
"444";"Cd300lg"
"445";"Cd302"
"446";"Cd33"
"447";"Cd34"
"448";"Cd36"
"449";"Cd38"
"450";"Cd3d"
"451";"Cd3e"
"452";"Cd3eap"
"453";"Cd3g"
"454";"Cd4"
"455";"Cd40"
"456";"Cd48"
"457";"Cd52"
"458";"Cd53"
"459";"Cd55"
"460";"Cd59a"
"461";"Cd59b"
"462";"Cd5l"
"463";"Cd6"
"464";"Cd63"
"465";"Cd68"
"466";"Cd69"
"467";"Cd7"
"468";"Cd72"
"469";"Cd74"
"470";"Cd79a"
"471";"Cd79b"
"472";"Cd82"
"473";"Cd83"
"474";"Cd86"
"475";"Cd8a"
"476";"Cd8b1"
"477";"Cd9"
"478";"Cd93"
"479";"Cdh1"
"480";"Cdk2ap1"
"481";"Cdk4"
"482";"Cdk5rap1"
"483";"Cdk5rap2"
"484";"Cdk6"
"485";"Cdkn1a"
"486";"Cdkn1c"
"487";"Cdkn2c"
"488";"Cdkn2d"
"489";"Cdkn3"
"490";"Cdpf1"
"491";"Cdr2"
"492";"Cdt1"
"493";"Cdv3"
"494";"Ceacam10"
"495";"Cebpa"
"496";"Cebpb"
"497";"Cebpe"
"498";"Cecr2"
"499";"Cela1"
"500";"Cenpc1"
"501";"Cenph"
"502";"Cenpk"
"503";"Cenpl"
"504";"Cenpm"
"505";"Cenpn"
"506";"Cenpp"
"507";"Cenpq"
"508";"Cenpu"
"509";"Cenpv"
"510";"Cenpw"
"511";"Cep128"
"512";"Cep164"
"513";"Cep295"
"514";"Cep55"
"515";"Cep57"
"516";"Cep70"
"517";"Cep72"
"518";"Cep89"
"519";"Ces1d"
"520";"Ces2g"
"521";"Cetn4"
"522";"Cfap57"
"523";"Cfh"
"524";"Cfp"
"525";"Chac2"
"526";"Chaf1a"
"527";"Chchd10"
"528";"Chchd2"
"529";"Chchd3"
"530";"Chchd4"
"531";"Chchd6"
"532";"Chd3"
"533";"Chdh"
"534";"Chek1"
"535";"Chek2"
"536";"Chil1"
"537";"Chil3"
"538";"Chil5"
"539";"Chit1"
"540";"Chpf"
"541";"Chst1"
"542";"Chst10"
"543";"Chst13"
"544";"Chst3"
"545";"Chtf18"
"546";"Cinp"
"547";"Cisd1"
"548";"Cisd3"
"549";"Cit"
"550";"Cited2"
"551";"Cited4"
"552";"Ckap4"
"553";"Ckb"
"554";"Ckm"
"555";"Clasp1"
"556";"Clcn3"
"557";"Clcn7"
"558";"Cldn1"
"559";"Cldn10"
"560";"Cldn13"
"561";"Cldn15"
"562";"Clec10a"
"563";"Clec11a"
"564";"Clec12a"
"565";"Clec1b"
"566";"Clec2i"
"567";"Clec4a1"
"568";"Clec4a2"
"569";"Clec4a3"
"570";"Clec4b1"
"571";"Clec4b2"
"572";"Clec4d"
"573";"Clec4e"
"574";"Clec4n"
"575";"Clec5a"
"576";"Clec9a"
"577";"Clic4"
"578";"Clint1"
"579";"Clpp"
"580";"Clptm1l"
"581";"Clstn1"
"582";"Clstn3"
"583";"Cltb"
"584";"Cltc"
"585";"Clu"
"586";"Cluh"
"587";"Clybl"
"588";"Cmah"
"589";"Cmc2"
"590";"Cmpk2"
"591";"Cmtm3"
"592";"Cmtm7"
"593";"Cnn2"
"594";"Cnn3"
"595";"Cnnm2"
"596";"Cnot9"
"597";"Cnp"
"598";"Cnpy4"
"599";"Cntd1"
"600";"Cntrl"
"601";"Coa5"
"602";"Col1a2"
"603";"Col23a1"
"604";"Col27a1"
"605";"Col5a1"
"606";"Colq"
"607";"Comt"
"608";"Comtd1"
"609";"Coprs"
"610";"Coq10a"
"611";"Coq2"
"612";"Coq6"
"613";"Coq7"
"614";"Coq9"
"615";"Coro2a"
"616";"Cox11"
"617";"Cox17"
"618";"Cox18"
"619";"Cox20"
"620";"Cox4i1"
"621";"Cox4i2"
"622";"Cox5a"
"623";"Cox5b"
"624";"Cox6a1"
"625";"Cox6a2"
"626";"Cox6b1"
"627";"Cox6b2"
"628";"Cox7a2"
"629";"Cox7b"
"630";"Cox7c"
"631";"Cox8a"
"632";"Cpa3"
"633";"Cplx2"
"634";"Cpm"
"635";"Cpne3"
"636";"Cpox"
"637";"Creg1"
"638";"Creld2"
"639";"Crip1"
"640";"Crip2"
"641";"Crispld2"
"642";"Crls1"
"643";"Crtap"
"644";"Cryl1"
"645";"Cs"
"646";"Csf1"
"647";"Csf1r"
"648";"Csf2rb"
"649";"Csf2rb2"
"650";"Csf3r"
"651";"Csnk2b"
"652";"Cspp1"
"653";"Csrp2"
"654";"Csrp3"
"655";"Cst3"
"656";"Cst7"
"657";"Cstb"
"658";"Ctla2a"
"659";"Ctla2b"
"660";"Ctps"
"661";"Ctr9"
"662";"Ctsa"
"663";"Ctsb"
"664";"Ctsc"
"665";"Ctsd"
"666";"Ctse"
"667";"Ctsg"
"668";"Ctsh"
"669";"Ctsl"
"670";"Ctss"
"671";"Ctsw"
"672";"Ctsz"
"673";"Cttn"
"674";"Cul4a"
"675";"Cul9"
"676";"Cutc"
"677";"Cx3cr1"
"678";"Cxcl10"
"679";"Cxcl16"
"680";"Cxcl2"
"681";"Cxcr2"
"682";"Cxcr3"
"683";"Cxcr5"
"684";"Cxcr6"
"685";"Cxxc5"
"686";"Cyb5a"
"687";"Cyb5r3"
"688";"Cyba"
"689";"Cybb"
"690";"Cyc1"
"691";"Cycs"
"692";"Cyhr1"
"693";"Cym"
"694";"Cyp11a1"
"695";"Cyp27a1"
"696";"Cyp39a1"
"697";"Cyp4f18"
"698";"Cyth3"
"699";"D030056L22Rik"
"700";"D630023F18Rik"
"701";"Daam1"
"702";"Dab2"
"703";"Dach1"
"704";"Dap3"
"705";"Dapk2"
"706";"Dapl1"
"707";"Dapp1"
"708";"Dbf4"
"709";"Dbi"
"710";"Dck"
"711";"Dcp1b"
"712";"Dctpp1"
"713";"Ddah2"
"714";"Ddias"
"715";"Ddit4"
"716";"Ddost"
"717";"Ddt"
"718";"Ddx1"
"719";"Ddx18"
"720";"Ddx21"
"721";"Ddx27"
"722";"Ddx46"
"723";"Ddx51"
"724";"Ddx56"
"725";"Ddx58"
"726";"Ddx60"
"727";"Dek"
"728";"Dennd5b"
"729";"Depdc1a"
"730";"Deptor"
"731";"Derl1"
"732";"Derl3"
"733";"Desi1"
"734";"Dgat2"
"735";"Dhcr24"
"736";"Dhfr"
"737";"Dhrs11"
"738";"Dhrs3"
"739";"Dhrs4"
"740";"Dhrs9"
"741";"Dhx29"
"742";"Dhx58"
"743";"Diablo"
"744";"Diaph2"
"745";"Diaph3"
"746";"Dio2"
"747";"Dis3"
"748";"Dkc1"
"749";"Dkkl1"
"750";"Dlat"
"751";"Dlg2"
"752";"Dlst"
"753";"Dmkn"
"754";"Dmtn"
"755";"Dmwd"
"756";"Dna2"
"757";"Dnaaf2"
"758";"Dnah8"
"759";"Dnaja3"
"760";"Dnaja4"
"761";"Dnajb2"
"762";"Dnajb3"
"763";"Dnajc11"
"764";"Dnajc19"
"765";"Dnajc2"
"766";"Dnajc21"
"767";"Dnajc25"
"768";"Dnajc3"
"769";"Dnajc7"
"770";"Dnajc9"
"771";"Dnase2a"
"772";"Dnm3"
"773";"Dnmt1"
"774";"Dnph1"
"775";"Dntt"
"776";"Dnttip2"
"777";"Dock10"
"778";"Dohh"
"779";"Dok2"
"780";"Dok3"
"781";"Donson"
"782";"Dpep2"
"783";"Dph3"
"784";"Dpp4"
"785";"Dpy19l1"
"786";"Dpy30"
"787";"Dpysl2"
"788";"Dqx1"
"789";"Drosha"
"790";"Dstn"
"791";"Dtd1"
"792";"Dtnbp1"
"793";"Dtwd1"
"794";"Dtymk"
"795";"Dus1l"
"796";"Dus2"
"797";"Dusp1"
"798";"Dusp2"
"799";"Dusp3"
"800";"Dusp5"
"801";"Dusp6"
"802";"Dut"
"803";"Dynll1"
"804";"Dynlt1a"
"805";"Dyrk3"
"806";"E2f1"
"807";"E2f4"
"808";"Eaf2"
"809";"Ear1"
"810";"Ear2"
"811";"Ebf1"
"812";"Ebna1bp2"
"813";"Ecsit"
"814";"Edem1"
"815";"Edem2"
"816";"Eef1a1"
"817";"Eef1b2"
"818";"Eef1d"
"819";"Eef1e1"
"820";"Eef1g"
"821";"Eef2kmt"
"822";"Efcc1"
"823";"Egfl7"
"824";"Egfl8"
"825";"Egln3"
"826";"Egr1"
"827";"Ehd1"
"828";"Ehd3"
"829";"Ehd4"
"830";"Eif1"
"831";"Eif1a"
"832";"Eif1ad"
"833";"Eif1ax"
"834";"Eif2b1"
"835";"Eif2b3"
"836";"Eif2b4"
"837";"Eif2s1"
"838";"Eif2s2"
"839";"Eif2s3x"
"840";"Eif3a"
"841";"Eif3b"
"842";"Eif3c"
"843";"Eif3d"
"844";"Eif3e"
"845";"Eif3g"
"846";"Eif3i"
"847";"Eif3j1"
"848";"Eif3m"
"849";"Eif4a1"
"850";"Eif4e2"
"851";"Eif4ebp1"
"852";"Eif4g1"
"853";"Eif4g2"
"854";"Eif5"
"855";"Eif5a"
"856";"Eif5b"
"857";"Elac2"
"858";"Elane"
"859";"Elf1"
"860";"Ell2"
"861";"Eloc"
"862";"Elof1"
"863";"Elovl6"
"864";"Emb"
"865";"Emc4"
"866";"Emc7"
"867";"Emc8"
"868";"Emc9"
"869";"Eme1"
"870";"Emg1"
"871";"Emid1"
"872";"Emilin1"
"873";"Emilin2"
"874";"Emp1"
"875";"Emsy"
"876";"Endod1"
"877";"Endog"
"878";"Endou"
"879";"Eng"
"880";"Eno3"
"881";"Enpep"
"882";"Enpp1"
"883";"Enpp4"
"884";"Eomes"
"885";"Epb42"
"886";"Epcam"
"887";"Epdr1"
"888";"Ephx1"
"889";"Epn1"
"890";"Epor"
"891";"Eprs"
"892";"Eps15"
"893";"Eps8"
"894";"Epsti1"
"895";"Erc1"
"896";"Ercc6l"
"897";"Erg"
"898";"Ergic1"
"899";"Erh"
"900";"Ermap"
"901";"Erp27"
"902";"Erp29"
"903";"Errfi1"
"904";"Esco2"
"905";"Etaa1"
"906";"Etf1"
"907";"Etfb"
"908";"Ets1"
"909";"Etv6"
"910";"Evi2a"
"911";"Evi5"
"912";"Evl"
"913";"Exosc1"
"914";"Exosc2"
"915";"Exosc3"
"916";"Exosc4"
"917";"Exosc5"
"918";"Exosc7"
"919";"Exosc8"
"920";"Ext1"
"921";"Ezh2"
"922";"F10"
"923";"F13a1"
"924";"F2r"
"925";"F2rl2"
"926";"F2rl3"
"927";"Faap24"
"928";"Fabp4"
"929";"Fabp5"
"930";"Fads3"
"931";"Fahd1"
"932";"Faim2"
"933";"Fam117a"
"934";"Fam126a"
"935";"Fam136a"
"936";"Fam162a"
"937";"Fam169b"
"938";"Fam174b"
"939";"Fam189b"
"940";"Fam210b"
"941";"Fam234b"
"942";"Fam53b"
"943";"Fam83a"
"944";"Fam83d"
"945";"Fam98a"
"946";"Fancd2"
"947";"Fancl"
"948";"Far2"
"949";"Farsb"
"950";"Fas"
"951";"Fastkd2"
"952";"Fbl"
"953";"Fbp1"
"954";"Fbxl18"
"955";"Fbxo30"
"956";"Fbxo5"
"957";"Fbxw4"
"958";"Fcer1a"
"959";"Fcer1g"
"960";"Fcer2a"
"961";"Fcf1"
"962";"Fcgr1"
"963";"Fcgr2b"
"964";"Fcgr3"
"965";"Fcgr4"
"966";"Fcgrt"
"967";"Fcho1"
"968";"Fcmr"
"969";"Fcna"
"970";"Fcnb"
"971";"Fcor"
"972";"Fcrl1"
"973";"Fcrl6"
"974";"Fcrla"
"975";"Fdps"
"976";"Fech"
"977";"Fermt3"
"978";"Ffar2"
"979";"Fgd2"
"980";"Fgf3"
"981";"Fgl2"
"982";"Fh1"
"983";"Fhl1"
"984";"Fhod1"
"985";"Fibp"
"986";"Fignl1"
"987";"Filip1"
"988";"Filip1l"
"989";"Fkbp11"
"990";"Fkbp1a"
"991";"Fkbp2"
"992";"Fkbp3"
"993";"Fkbp4"
"994";"Fli1"
"995";"Flnb"
"996";"Flt3"
"997";"Fmc1"
"998";"Fmnl2"
"999";"Fn1"
"1000";"Fnbp1l"
"1001";"Fndc3a"
"1002";"Folr2"
"1003";"Fos"
"1004";"Fosb"
"1005";"Foxm1"
"1006";"Foxo1"
"1007";"Foxp1"
"1008";"Fpgs"
"1009";"Fpr1"
"1010";"Fpr2"
"1011";"Frat2"
"1012";"Frmd4a"
"1013";"Frmd4b"
"1014";"Fry"
"1015";"Fstl3"
"1016";"Fth1"
"1017";"Ftl1"
"1018";"Ftsj1"
"1019";"Ftsj3"
"1020";"Fuom"
"1021";"Fut10"
"1022";"Fut4"
"1023";"Fut7"
"1024";"Fut8"
"1025";"Fxn"
"1026";"Fxyd1"
"1027";"Fyb"
"1028";"Fyn"
"1029";"Fzr1"
"1030";"G0s2"
"1031";"G3bp1"
"1032";"G6pc3"
"1033";"Gabarapl1"
"1034";"Gadd45a"
"1035";"Gadd45b"
"1036";"Gadd45g"
"1037";"Gadd45gip1"
"1038";"Gal"
"1039";"Gal3st1"
"1040";"Galk1"
"1041";"Galm"
"1042";"Galns"
"1043";"Galnt1"
"1044";"Galnt10"
"1045";"Galnt6"
"1046";"Galnt7"
"1047";"Galnt9"
"1048";"Gamt"
"1049";"Gar1"
"1050";"Gars"
"1051";"Gart"
"1052";"Gas2l1"
"1053";"Gas7"
"1054";"Gata1"
"1055";"Gata2"
"1056";"Gata3"
"1057";"Gatm"
"1058";"Gbf1"
"1059";"Gbp2"
"1060";"Gbp3"
"1061";"Gbp4"
"1062";"Gbp5"
"1063";"Gbp6"
"1064";"Gbp7"
"1065";"Gbp8"
"1066";"Gbp9"
"1067";"Gca"
"1068";"Gcat"
"1069";"Gch1"
"1070";"Gchfr"
"1071";"Gclc"
"1072";"Gclm"
"1073";"Gcnt1"
"1074";"Gcnt2"
"1075";"Gcsh"
"1076";"Gda"
"1077";"Gde1"
"1078";"Gdf15"
"1079";"Gdf3"
"1080";"Gdpd1"
"1081";"Gdpd3"
"1082";"Gem"
"1083";"Gemin5"
"1084";"Gemin6"
"1085";"Get4"
"1086";"Gfer"
"1087";"Gfi1"
"1088";"Gfi1b"
"1089";"Gfm1"
"1090";"Gfod2"
"1091";"Gfra1"
"1092";"Gfra2"
"1093";"Gga2"
"1094";"Ggh"
"1095";"Ggt1"
"1096";"Ghdc"
"1097";"Gimap1"
"1098";"Gimap3"
"1099";"Gimap4"
"1100";"Gimap5"
"1101";"Gimap6"
"1102";"Gimap7"
"1103";"Gimap9"
"1104";"Gins1"
"1105";"Gins3"
"1106";"Gjb3"
"1107";"Gkn3"
"1108";"Gla"
"1109";"Glipr1"
"1110";"Glo1"
"1111";"Glrx5"
"1112";"Gm128"
"1113";"Gm1604b"
"1114";"Gm1673"
"1115";"Gm2a"
"1116";"Gm4951"
"1117";"Gm5150"
"1118";"Gm8113"
"1119";"Gm8369"
"1120";"Gm9733"
"1121";"Gmcl1"
"1122";"Gml"
"1123";"Gmpr"
"1124";"Gmps"
"1125";"Gnaz"
"1126";"Gnb4"
"1127";"Gne"
"1128";"Gng11"
"1129";"Gng12"
"1130";"Gng2"
"1131";"Gngt2"
"1132";"Gnl3"
"1133";"Gnptab"
"1134";"Gns"
"1135";"Golga3"
"1136";"Golm1"
"1137";"Golt1b"
"1138";"Got1"
"1139";"Got2"
"1140";"Gp1bb"
"1141";"Gp5"
"1142";"Gp9"
"1143";"Gpatch4"
"1144";"Gpc1"
"1145";"Gpc4"
"1146";"Gpn3"
"1147";"Gpr141"
"1148";"Gpr160"
"1149";"Gpr171"
"1150";"Gpr174"
"1151";"Gpr18"
"1152";"Gpr183"
"1153";"Gpr34"
"1154";"Gpr65"
"1155";"Gpr89"
"1156";"Gps1"
"1157";"Gpsm2"
"1158";"Gpx3"
"1159";"Gpx4"
"1160";"Gramd3"
"1161";"Grap"
"1162";"Grb7"
"1163";"Grhpr"
"1164";"Gria2"
"1165";"Gria3"
"1166";"Grina"
"1167";"Grn"
"1168";"Grwd1"
"1169";"Gsn"
"1170";"Gspt1"
"1171";"Gsr"
"1172";"Gstm1"
"1173";"Gstm2"
"1174";"Gstm4"
"1175";"Gstm5"
"1176";"Gsto1"
"1177";"Gstp1"
"1178";"Gstp3"
"1179";"Gstt1"
"1180";"Gstt2"
"1181";"Gstz1"
"1182";"Gtf2a2"
"1183";"Gtf2f1"
"1184";"Gtf2f2"
"1185";"Gtf2h1"
"1186";"Gtf2h3"
"1187";"Gtf3a"
"1188";"Gtpbp4"
"1189";"Guca1a"
"1190";"Guk1"
"1191";"Gusb"
"1192";"Gypa"
"1193";"Gypc"
"1194";"Gzma"
"1195";"Gzmb"
"1196";"H1f0"
"1197";"H2-Aa"
"1198";"H2-Ab1"
"1199";"H2-DMa"
"1200";"H2-DMb1"
"1201";"H2-DMb2"
"1202";"H2-Eb1"
"1203";"H2-Eb2"
"1204";"H2-Oa"
"1205";"H2-Ob"
"1206";"H2-Q10"
"1207";"H2-Q6"
"1208";"H2-Q7"
"1209";"H3f3b"
"1210";"Hacd1"
"1211";"Hacd3"
"1212";"Hacd4"
"1213";"Hadh"
"1214";"Hagh"
"1215";"Hars"
"1216";"Hat1"
"1217";"Haus5"
"1218";"Haus8"
"1219";"Havcr1"
"1220";"Hba-a1"
"1221";"Hba-a2"
"1222";"Hbb-bs"
"1223";"Hbb-bt"
"1224";"Hbegf"
"1225";"Hcar2"
"1226";"Hcst"
"1227";"Hdac7"
"1228";"Hdc"
"1229";"Hddc2"
"1230";"Hdgf"
"1231";"Heatr3"
"1232";"Hebp1"
"1233";"Hectd1"
"1234";"Hemgn"
"1235";"Hemk1"
"1236";"Herc1"
"1237";"Herpud1"
"1238";"Hes1"
"1239";"Hes6"
"1240";"Hexa"
"1241";"Hfe"
"1242";"Higd1a"
"1243";"Hinfp"
"1244";"Hint1"
"1245";"Hirip3"
"1246";"Hk2"
"1247";"Hk3"
"1248";"Hlf"
"1249";"Hmbs"
"1250";"Hmga1"
"1251";"Hmgb1"
"1252";"Hmgb3"
"1253";"Hmgcl"
"1254";"Hmgcs1"
"1255";"Hmgcs2"
"1256";"Hmgn1"
"1257";"Hmgn2"
"1258";"Hmgn3"
"1259";"Hmgn5"
"1260";"Hmox1"
"1261";"Hnmt"
"1262";"Hnrnpa0"
"1263";"Hnrnpa1"
"1264";"Hnrnpa2b1"
"1265";"Hnrnpa3"
"1266";"Hnrnpab"
"1267";"Hnrnpd"
"1268";"Hnrnpdl"
"1269";"Hnrnpll"
"1270";"Hook2"
"1271";"Hoxa7"
"1272";"Hoxa9"
"1273";"Hp"
"1274";"Hpf1"
"1275";"Hpgd"
"1276";"Hpn"
"1277";"Hpse"
"1278";"Hras"
"1279";"Hs3st1"
"1280";"Hs6st1"
"1281";"Hsd11b1"
"1282";"Hsd17b1"
"1283";"Hsdl2"
"1284";"Hsp90aa1"
"1285";"Hsp90ab1"
"1286";"Hsp90b1"
"1287";"Hspa1a"
"1288";"Hspa1b"
"1289";"Hspa2"
"1290";"Hspa4"
"1291";"Hspa4l"
"1292";"Hspa5"
"1293";"Hspa8"
"1294";"Hspa9"
"1295";"Hspd1"
"1296";"Hspe1"
"1297";"Hsph1"
"1298";"Htra2"
"1299";"Hvcn1"
"1300";"Hyou1"
"1301";"Hypk"
"1302";"Iars"
"1303";"Iars2"
"1304";"Icam1"
"1305";"Icam4"
"1306";"Id1"
"1307";"Id2"
"1308";"Id3"
"1309";"Ide"
"1310";"Idh1"
"1311";"Idh2"
"1312";"Idh3a"
"1313";"Ier3"
"1314";"Ier5"
"1315";"Ifi203"
"1316";"Ifi204"
"1317";"Ifi205"
"1318";"Ifi206"
"1319";"Ifi207"
"1320";"Ifi208"
"1321";"Ifi209"
"1322";"Ifi211"
"1323";"Ifi213"
"1324";"Ifi214"
"1325";"Ifi27"
"1326";"Ifi27l2a"
"1327";"Ifi30"
"1328";"Ifi44"
"1329";"Ifi47"
"1330";"Ifih1"
"1331";"Ifit1"
"1332";"Ifit1bl1"
"1333";"Ifit2"
"1334";"Ifit3"
"1335";"Ifit3b"
"1336";"Ifitm1"
"1337";"Ifitm10"
"1338";"Ifitm3"
"1339";"Ifitm6"
"1340";"Ifitm7"
"1341";"Ifng"
"1342";"Ifngr1"
"1343";"Ifnlr1"
"1344";"Ifrd2"
"1345";"Ift140"
"1346";"Ift27"
"1347";"Igf1"
"1348";"Igf1r"
"1349";"Igf2r"
"1350";"Igfbp4"
"1351";"Igfbp5"
"1352";"Igfbp7"
"1353";"Igha"
"1354";"Ighd"
"1355";"Ighg1"
"1356";"Ighg2b"
"1357";"Ighm"
"1358";"Igkc"
"1359";"Iglc1"
"1360";"Iglc2"
"1361";"Iglc3"
"1362";"Igll1"
"1363";"Igsf6"
"1364";"Igtp"
"1365";"Iigp1"
"1366";"Ikbke"
"1367";"Ikzf2"
"1368";"Ikzf3"
"1369";"Ikzf5"
"1370";"Il10ra"
"1371";"Il11ra1"
"1372";"Il12a"
"1373";"Il13ra1"
"1374";"Il17re"
"1375";"Il18"
"1376";"Il18bp"
"1377";"Il18r1"
"1378";"Il18rap"
"1379";"Il1b"
"1380";"Il1r1"
"1381";"Il1r2"
"1382";"Il1rl1"
"1383";"Il1rn"
"1384";"Il21r"
"1385";"Il22ra2"
"1386";"Il2rb"
"1387";"Il2rg"
"1388";"Il33"
"1389";"Il4"
"1390";"Il5ra"
"1391";"Il6"
"1392";"Il6ra"
"1393";"Il6st"
"1394";"Il7r"
"1395";"Immt"
"1396";"Imp4"
"1397";"Impa2"
"1398";"Impdh1"
"1399";"Impdh2"
"1400";"Incenp"
"1401";"Inhba"
"1402";"Ino80e"
"1403";"Ipo11"
"1404";"Ipo5"
"1405";"Iqcb1"
"1406";"Iqgap3"
"1407";"Irf4"
"1408";"Irf5"
"1409";"Irf7"
"1410";"Irf8"
"1411";"Irf9"
"1412";"Irgm1"
"1413";"Isca1"
"1414";"Isca2"
"1415";"Isg15"
"1416";"Isg20"
"1417";"Isyna1"
"1418";"Itga1"
"1419";"Itga2b"
"1420";"Itga4"
"1421";"Itga5"
"1422";"Itga6"
"1423";"Itgad"
"1424";"Itgam"
"1425";"Itgax"
"1426";"Itgb2l"
"1427";"Itgb3"
"1428";"Itgb5"
"1429";"Itgb7"
"1430";"Itih5"
"1431";"Itm2c"
"1432";"Itpr3"
"1433";"Itpripl1"
"1434";"Itsn1"
"1435";"Jagn1"
"1436";"Jaml"
"1437";"Jchain"
"1438";"Jmjd4"
"1439";"Jmjd7"
"1440";"Josd1"
"1441";"Josd2"
"1442";"Jun"
"1443";"Junb"
"1444";"Kalrn"
"1445";"Kars"
"1446";"Kat2a"
"1447";"Kcne3"
"1448";"Kcng2"
"1449";"Kcnip3"
"1450";"Kcnj10"
"1451";"Kcnk12"
"1452";"Kcnk5"
"1453";"Kcnk6"
"1454";"Kcnn4"
"1455";"Kctd1"
"1456";"Kctd14"
"1457";"Kdelr2"
"1458";"Kdm1b"
"1459";"Kel"
"1460";"Khk"
"1461";"Kif14"
"1462";"Kif15"
"1463";"Kif18a"
"1464";"Kif1b"
"1465";"Kif20a"
"1466";"Kif22"
"1467";"Kif3a"
"1468";"Kif4"
"1469";"Kif5a"
"1470";"Kifc1"
"1471";"Kit"
"1472";"Klf1"
"1473";"Klf10"
"1474";"Klf2"
"1475";"Klf3"
"1476";"Klf4"
"1477";"Klf5"
"1478";"Klf6"
"1479";"Klf7"
"1480";"Klf9"
"1481";"Klhl12"
"1482";"Klhl22"
"1483";"Klhl23"
"1484";"Klk1"
"1485";"Klk1b27"
"1486";"Klk8"
"1487";"Klra1"
"1488";"Klra17"
"1489";"Klra2"
"1490";"Klra3"
"1491";"Klra4"
"1492";"Klra6"
"1493";"Klra7"
"1494";"Klra8"
"1495";"Klra9"
"1496";"Klrb1a"
"1497";"Klrb1b"
"1498";"Klrb1c"
"1499";"Klrb1f"
"1500";"Klrc1"
"1501";"Klrc2"
"1502";"Klrd1"
"1503";"Klre1"
"1504";"Klrg1"
"1505";"Klri2"
"1506";"Klrk1"
"1507";"Kmo"
"1508";"Kmt2d"
"1509";"Kmt5a"
"1510";"Knl1"
"1511";"Knop1"
"1512";"Knstrn"
"1513";"Kntc1"
"1514";"Kpna2"
"1515";"Kpnb1"
"1516";"Krt18"
"1517";"Krt83"
"1518";"Krtcap2"
"1519";"Krtcap3"
"1520";"Kti12"
"1521";"Ktn1"
"1522";"L1cam"
"1523";"Lag3"
"1524";"Lair1"
"1525";"Lap3"
"1526";"Larp1"
"1527";"Larp1b"
"1528";"Lars2"
"1529";"Lat"
"1530";"Lat2"
"1531";"Lax1"
"1532";"Lbp"
"1533";"Lck"
"1534";"Lcn2"
"1535";"Lcorl"
"1536";"Lcp1"
"1537";"Ldb1"
"1538";"Ldha"
"1539";"Ldhb"
"1540";"Ldhc"
"1541";"Ldlr"
"1542";"Ldlrad4"
"1543";"Lef1"
"1544";"Lefty1"
"1545";"Leo1"
"1546";"Leprot"
"1547";"Lfng"
"1548";"Lgals1"
"1549";"Lgals3"
"1550";"Lgals3bp"
"1551";"Lgals9"
"1552";"Lgmn"
"1553";"Lgr5"
"1554";"Lhfpl2"
"1555";"Lias"
"1556";"Lifr"
"1557";"Lig1"
"1558";"Lilr4b"
"1559";"Lilra5"
"1560";"Lilra6"
"1561";"Lilrb4a"
"1562";"Limd2"
"1563";"Limk2"
"1564";"Lims1"
"1565";"Lipa"
"1566";"Lman1"
"1567";"Lmna"
"1568";"Lmnb1"
"1569";"Lmo1"
"1570";"Lmo2"
"1571";"Lmo4"
"1572";"Lnpk"
"1573";"Lonp1"
"1574";"Lpar6"
"1575";"Lpcat1"
"1576";"Lpcat2"
"1577";"Lpcat3"
"1578";"Lpin1"
"1579";"Lpin2"
"1580";"Lpl"
"1581";"Lpxn"
"1582";"Lrch3"
"1583";"Lrg1"
"1584";"Lrmp"
"1585";"Lrp1"
"1586";"Lrpprc"
"1587";"Lrr1"
"1588";"Lrrc14"
"1589";"Lrrc41"
"1590";"Lrrc59"
"1591";"Lrrc8c"
"1592";"Lrrn3"
"1593";"Lsm12"
"1594";"Lsm2"
"1595";"Lsm3"
"1596";"Lsm4"
"1597";"Lsm7"
"1598";"Lsm8"
"1599";"Lsp1"
"1600";"Lst1"
"1601";"Lta4h"
"1602";"Ltb"
"1603";"Ltb4r1"
"1604";"Ltf"
"1605";"Luc7l"
"1606";"Ly6a"
"1607";"Ly6c2"
"1608";"Ly6d"
"1609";"Ly6e"
"1610";"Ly6g"
"1611";"Ly6i"
"1612";"Ly6k"
"1613";"Ly86"
"1614";"Ly9"
"1615";"Lyar"
"1616";"Lyrm4"
"1617";"Lyz1"
"1618";"Lyz2"
"1619";"M1ap"
"1620";"M6pr"
"1621";"Macrod1"
"1622";"Mad2l1"
"1623";"Maf"
"1624";"Mafb"
"1625";"Maged1"
"1626";"Magoh"
"1627";"Magohb"
"1628";"Magt1"
"1629";"Mak16"
"1630";"Maml2"
"1631";"Man1a"
"1632";"Manf"
"1633";"Map3k7"
"1634";"Map4k1"
"1635";"Mapk13"
"1636";"Mapk9"
"1637";"Marcks"
"1638";"Marcksl1"
"1639";"Marf1"
"1640";"Matk"
"1641";"Mbd2"
"1642";"Mbnl3"
"1643";"Mcemp1"
"1644";"Mcfd2"
"1645";"Mcm10"
"1646";"Mcm3"
"1647";"Mcm7"
"1648";"Mcoln2"
"1649";"Mcpt8"
"1650";"Mcub"
"1651";"Mdga1"
"1652";"Mdh2"
"1653";"Mdk"
"1654";"Mdm1"
"1655";"Mdn1"
"1656";"Me2"
"1657";"Mecr"
"1658";"Med10"
"1659";"Med21"
"1660";"Med25"
"1661";"Med7"
"1662";"Med9"
"1663";"Mef2c"
"1664";"Mefv"
"1665";"Meis1"
"1666";"Melk"
"1667";"Memo1"
"1668";"Mertk"
"1669";"Met"
"1670";"Metap1d"
"1671";"Metap2"
"1672";"Metrnl"
"1673";"Mettl1"
"1674";"Mettl16"
"1675";"Mettl8"
"1676";"Mfap3l"
"1677";"Mfge8"
"1678";"Mfhas1"
"1679";"Mfng"
"1680";"Mfsd10"
"1681";"Mfsd2b"
"1682";"Mgam"
"1683";"Mgat5"
"1684";"Mgl2"
"1685";"Mgll"
"1686";"Mgst1"
"1687";"Mgst2"
"1688";"Mgst3"
"1689";"Mia2"
"1690";"Mif"
"1691";"Mif4gd"
"1692";"Miip"
"1693";"Milr1"
"1694";"Minpp1"
"1695";"Mis18bp1"
"1696";"Mkrn1"
"1697";"Mllt3"
"1698";"Mllt6"
"1699";"Mmp14"
"1700";"Mmp25"
"1701";"Mmp8"
"1702";"Mmp9"
"1703";"Mmrn1"
"1704";"Mms22l"
"1705";"Mnd1"
"1706";"Mndal"
"1707";"Mns1"
"1708";"Mogat2"
"1709";"Mogs"
"1710";"Morf4l2"
"1711";"Mospd3"
"1712";"Mpc1"
"1713";"Mpeg1"
"1714";"Mphosph10"
"1715";"Mpl"
"1716";"Mpo"
"1717";"Mpp1"
"1718";"Mpv17l2"
"1719";"Mpzl1"
"1720";"Mrap"
"1721";"Mrc1"
"1722";"Mrgpra2b"
"1723";"Mrpl12"
"1724";"Mrpl15"
"1725";"Mrpl16"
"1726";"Mrpl17"
"1727";"Mrpl18"
"1728";"Mrpl19"
"1729";"Mrpl2"
"1730";"Mrpl20"
"1731";"Mrpl21"
"1732";"Mrpl22"
"1733";"Mrpl23"
"1734";"Mrpl28"
"1735";"Mrpl3"
"1736";"Mrpl30"
"1737";"Mrpl33"
"1738";"Mrpl34"
"1739";"Mrpl35"
"1740";"Mrpl36"
"1741";"Mrpl37"
"1742";"Mrpl38"
"1743";"Mrpl41"
"1744";"Mrpl42"
"1745";"Mrpl44"
"1746";"Mrpl47"
"1747";"Mrpl49"
"1748";"Mrpl50"
"1749";"Mrpl51"
"1750";"Mrpl52"
"1751";"Mrpl55"
"1752";"Mrpl57"
"1753";"Mrpl9"
"1754";"Mrps11"
"1755";"Mrps18b"
"1756";"Mrps22"
"1757";"Mrps24"
"1758";"Mrps26"
"1759";"Mrps28"
"1760";"Mrps34"
"1761";"Mrps36"
"1762";"Mrps5"
"1763";"Mrps6"
"1764";"Mrps7"
"1765";"Mrto4"
"1766";"Ms4a1"
"1767";"Ms4a2"
"1768";"Ms4a3"
"1769";"Ms4a4b"
"1770";"Ms4a4c"
"1771";"Ms4a6b"
"1772";"Ms4a6c"
"1773";"Ms4a6d"
"1774";"Ms4a7"
"1775";"Ms4a8a"
"1776";"Msantd3"
"1777";"Msi2"
"1778";"Msr1"
"1779";"Msrb1"
"1780";"Mt1"
"1781";"Mt2"
"1782";"Mta3"
"1783";"Mtap"
"1784";"Mtch2"
"1785";"Mtdh"
"1786";"Mtfp1"
"1787";"Mtfr1"
"1788";"Mthfd1"
"1789";"Mthfd1l"
"1790";"Mthfd2"
"1791";"Mtss1"
"1792";"Mtus1"
"1793";"Mtus2"
"1794";"Mtx2"
"1795";"Muc13"
"1796";"Mxd1"
"1797";"Mxd3"
"1798";"Mxd4"
"1799";"Myb"
"1800";"Mybbp1a"
"1801";"Mybl2"
"1802";"Myc"
"1803";"Mycn"
"1804";"Myct1"
"1805";"Myef2"
"1806";"Myl10"
"1807";"Myl2"
"1808";"Myl4"
"1809";"Mylk"
"1810";"Mylk3"
"1811";"Mylpf"
"1812";"Myo1b"
"1813";"Myo1c"
"1814";"Myo1d"
"1815";"Myo1e"
"1816";"Myo1f"
"1817";"Myom1"
"1818";"Mzb1"
"1819";"N4bp3"
"1820";"N6amt1"
"1821";"Naa10"
"1822";"Naa15"
"1823";"Naa25"
"1824";"Naa50"
"1825";"Naaa"
"1826";"Nacc2"
"1827";"Nadk2"
"1828";"Nae1"
"1829";"Naga"
"1830";"Nans"
"1831";"Nap1l1"
"1832";"Napsa"
"1833";"Narf"
"1834";"Nars"
"1835";"Nat10"
"1836";"Nav1"
"1837";"Ncam1"
"1838";"Ncapd3"
"1839";"Ncapg"
"1840";"Ncapg2"
"1841";"Ncaph"
"1842";"Ncaph2"
"1843";"Nceh1"
"1844";"Ncf1"
"1845";"Ncf4"
"1846";"Nckipsd"
"1847";"Ncl"
"1848";"Ncln"
"1849";"Ncoa3"
"1850";"Ncoa7"
"1851";"Ncr1"
"1852";"Ndc1"
"1853";"Nde1"
"1854";"Ndn"
"1855";"Ndrg1"
"1856";"Ndrg2"
"1857";"Ndufa10"
"1858";"Ndufa12"
"1859";"Ndufa5"
"1860";"Ndufa9"
"1861";"Ndufab1"
"1862";"Ndufaf2"
"1863";"Ndufaf4"
"1864";"Ndufb10"
"1865";"Ndufb6"
"1866";"Ndufb9"
"1867";"Ndufc1"
"1868";"Ndufc2"
"1869";"Ndufs1"
"1870";"Ndufs6"
"1871";"Ndufs7"
"1872";"Ndufv1"
"1873";"Necap2"
"1874";"Nedd4"
"1875";"Nefh"
"1876";"Neil3"
"1877";"Nek6"
"1878";"Nek8"
"1879";"Nenf"
"1880";"Net1"
"1881";"Neu1"
"1882";"Nfatc2ip"
"1883";"Nfe2l2"
"1884";"Nfia"
"1885";"Nfil3"
"1886";"Nfkb2"
"1887";"Nfkbia"
"1888";"Nfkbid"
"1889";"Nfkbie"
"1890";"Nfs1"
"1891";"Nfyb"
"1892";"Ngp"
"1893";"Nhp2"
"1894";"Nif3l1"
"1895";"Nip7"
"1896";"Nipa1"
"1897";"Nkg7"
"1898";"Nle1"
"1899";"Nlrp12"
"1900";"Nlrp3"
"1901";"Nmb"
"1902";"Nmd3"
"1903";"Nme1"
"1904";"Nme2"
"1905";"Nme4"
"1906";"Nme6"
"1907";"Nmnat3"
"1908";"Nmral1"
"1909";"Nmrk1"
"1910";"Noa1"
"1911";"Nob1"
"1912";"Noc2l"
"1913";"Noc4l"
"1914";"Nol10"
"1915";"Nol4l"
"1916";"Nol8"
"1917";"Nol9"
"1918";"Nolc1"
"1919";"Nomo1"
"1920";"Nop10"
"1921";"Nop14"
"1922";"Nop16"
"1923";"Nop2"
"1924";"Nop56"
"1925";"Nop58"
"1926";"Nop9"
"1927";"Nos1ap"
"1928";"Notch1"
"1929";"Notch2"
"1930";"Npl"
"1931";"Npm1"
"1932";"Npm3"
"1933";"Nptn"
"1934";"Nqo1"
"1935";"Nr1h3"
"1936";"Nr4a1"
"1937";"Nrarp"
"1938";"Nrg1"
"1939";"Nrg4"
"1940";"Nrgn"
"1941";"Nrp1"
"1942";"Nrp2"
"1943";"Nrxn1"
"1944";"Nsd2"
"1945";"Nsg1"
"1946";"Nsg2"
"1947";"Nsl1"
"1948";"Nsmce4a"
"1949";"Nsun2"
"1950";"Nsun5"
"1951";"Nt5c3"
"1952";"Nt5dc2"
"1953";"Ntmt1"
"1954";"Ntrk3"
"1955";"Nubp2"
"1956";"Nucb2"
"1957";"Nucks1"
"1958";"Nudc"
"1959";"Nudcd2"
"1960";"Nudt19"
"1961";"Nudt4"
"1962";"Nudt9"
"1963";"Nup107"
"1964";"Nup155"
"1965";"Nup210"
"1966";"Nup35"
"1967";"Nup37"
"1968";"Nup43"
"1969";"Nup50"
"1970";"Nup62"
"1971";"Nup85"
"1972";"Nup93"
"1973";"Nupr1"
"1974";"Nxpe2"
"1975";"Nxpe4"
"1976";"Oaf"
"1977";"Oas2"
"1978";"Oas3"
"1979";"Oasl1"
"1980";"Oasl2"
"1981";"Oat"
"1982";"Obscn"
"1983";"Ociad2"
"1984";"Odc1"
"1985";"Oip5"
"1986";"Olfm1"
"1987";"Olfm4"
"1988";"Olfml2b"
"1989";"Olr1"
"1990";"Oosp1"
"1991";"Optn"
"1992";"Orc1"
"1993";"Orc2"
"1994";"Orc3"
"1995";"Orc5"
"1996";"Orc6"
"1997";"Orm1"
"1998";"Ormdl3"
"1999";"Osgepl1"
"2000";"Osgin1"
"2001";"Osm"
"2002";"Ostc"
"2003";"Otos"
"2004";"Otub2"
"2005";"Oxct1"
"2006";"P2rx1"
"2007";"P2rx4"
"2008";"P2rx7"
"2009";"P2ry13"
"2010";"P2ry14"
"2011";"P4hb"
"2012";"Pa2g4"
"2013";"Pabpc1"
"2014";"Pabpc4"
"2015";"Pacsin1"
"2016";"Pacsin2"
"2017";"Padi2"
"2018";"Padi4"
"2019";"Pafah1b3"
"2020";"Pafah2"
"2021";"Paics"
"2022";"Paip2b"
"2023";"Palld"
"2024";"Palm"
"2025";"Papss2"
"2026";"Paqr4"
"2027";"Paqr5"
"2028";"Paqr9"
"2029";"Parm1"
"2030";"Parp1"
"2031";"Parp14"
"2032";"Parp3"
"2033";"Parp8"
"2034";"Parpbp"
"2035";"Parvb"
"2036";"Pax5"
"2037";"Pbdc1"
"2038";"Pbk"
"2039";"Pbx1"
"2040";"Pcbd1"
"2041";"Pccb"
"2042";"Pck2"
"2043";"Pclaf"
"2044";"Pcnt"
"2045";"Pcnx4"
"2046";"Pcp4l1"
"2047";"Pcyox1l"
"2048";"Pcyt1a"
"2049";"Pdap1"
"2050";"Pdcd1"
"2051";"Pdcd11"
"2052";"Pdcd4"
"2053";"Pdcd5"
"2054";"Pde4d"
"2055";"Pde4dip"
"2056";"Pde5a"
"2057";"Pdgfb"
"2058";"Pdia3"
"2059";"Pdia4"
"2060";"Pdia5"
"2061";"Pdia6"
"2062";"Pdik1l"
"2063";"Pdk1"
"2064";"Pdlim1"
"2065";"Pds5b"
"2066";"Pdzk1ip1"
"2067";"Pebp1"
"2068";"Pecam1"
"2069";"Pelp1"
"2070";"Penk"
"2071";"Pepd"
"2072";"Per3"
"2073";"Perp"
"2074";"Pf4"
"2075";"Pfas"
"2076";"Pfdn1"
"2077";"Pfdn4"
"2078";"Pfdn6"
"2079";"Pfkfb4"
"2080";"Pfkm"
"2081";"Pgam1"
"2082";"Pgam2"
"2083";"Pglyrp1"
"2084";"Pgm2"
"2085";"Pgp"
"2086";"Pgpep1"
"2087";"Pgr"
"2088";"Phactr4"
"2089";"Phb"
"2090";"Phb2"
"2091";"Phf10"
"2092";"Phf11a"
"2093";"Phf11b"
"2094";"Phf11d"
"2095";"Phf5a"
"2096";"Phgdh"
"2097";"Phkg1"
"2098";"Phlda1"
"2099";"Phlda3"
"2100";"Phldb3"
"2101";"Phpt1"
"2102";"Pi16"
"2103";"Picalm"
"2104";"Pid1"
"2105";"Pif1"
"2106";"Pigq"
"2107";"Pik3ip1"
"2108";"Pik3r2"
"2109";"Pik3r6"
"2110";"Pilra"
"2111";"Pilrb1"
"2112";"Pim1"
"2113";"Pim2"
"2114";"Pin1"
"2115";"Pinx1"
"2116";"Pip4k2c"
"2117";"Pir"
"2118";"Pirb"
"2119";"Pithd1"
"2120";"Pitpnc1"
"2121";"Pitrm1"
"2122";"Pkib"
"2123";"Pkig"
"2124";"Pklr"
"2125";"Pkm"
"2126";"Pkp3"
"2127";"Pla2g12a"
"2128";"Pla2g4a"
"2129";"Pla2g7"
"2130";"Plac8"
"2131";"Plbd1"
"2132";"Plcb1"
"2133";"Pld3"
"2134";"Pld4"
"2135";"Plek"
"2136";"Plekha2"
"2137";"Plin2"
"2138";"Plk1"
"2139";"Plk2"
"2140";"Plk4"
"2141";"Plod3"
"2142";"Plp2"
"2143";"Plpp1"
"2144";"Plppr3"
"2145";"Plscr1"
"2146";"Plscr3"
"2147";"Pltp"
"2148";"Plxdc2"
"2149";"Plxnb2"
"2150";"Plxnc1"
"2151";"Plxnd1"
"2152";"Pmaip1"
"2153";"Pmepa1"
"2154";"Pmf1"
"2155";"Pml"
"2156";"Pmm1"
"2157";"Pno1"
"2158";"Pnp"
"2159";"Pnp2"
"2160";"Pnpt1"
"2161";"Poc1a"
"2162";"Podnl1"
"2163";"Pola2"
"2164";"Pold1"
"2165";"Pold2"
"2166";"Poldip2"
"2167";"Pole"
"2168";"Pole2"
"2169";"Pole3"
"2170";"Poln"
"2171";"Polr1b"
"2172";"Polr1c"
"2173";"Polr1d"
"2174";"Polr2e"
"2175";"Polr2f"
"2176";"Polr2j"
"2177";"Polr2l"
"2178";"Polr3d"
"2179";"Polr3h"
"2180";"Polrmt"
"2181";"Pon2"
"2182";"Pon3"
"2183";"Pop1"
"2184";"Pop5"
"2185";"Pou2af1"
"2186";"Pou2f2"
"2187";"Ppa1"
"2188";"Ppan"
"2189";"Pparg"
"2190";"Ppat"
"2191";"Ppbp"
"2192";"Ppfia4"
"2193";"Ppia"
"2194";"Ppic"
"2195";"Ppid"
"2196";"Ppif"
"2197";"Ppih"
"2198";"Ppil1"
"2199";"Ppm1g"
"2200";"Ppm1l"
"2201";"Ppox"
"2202";"Ppp1r14b"
"2203";"Ppp1r15a"
"2204";"Ppp1r16b"
"2205";"Ppp1r18"
"2206";"Ppp1r3b"
"2207";"Ppp1r9a"
"2208";"Ppp2r1b"
"2209";"Ppp2r3a"
"2210";"Ppp4r2"
"2211";"Prc1"
"2212";"Prdm1"
"2213";"Prdm16"
"2214";"Prdx1"
"2215";"Prdx2"
"2216";"Prdx3"
"2217";"Prdx4"
"2218";"Prdx6"
"2219";"Prelid2"
"2220";"Prelid3b"
"2221";"Prep"
"2222";"Prg2"
"2223";"Prg3"
"2224";"Prim2"
"2225";"Prkab1"
"2226";"Prkag1"
"2227";"Prkar2a"
"2228";"Prkar2b"
"2229";"Prkca"
"2230";"Prkcq"
"2231";"Prmt1"
"2232";"Prmt5"
"2233";"Prmt7"
"2234";"Prnp"
"2235";"Prodh"
"2236";"Prom1"
"2237";"Prorsd1"
"2238";"Pros1"
"2239";"Proser2"
"2240";"Prpf19"
"2241";"Prpsap1"
"2242";"Prr11"
"2243";"Prr5"
"2244";"Prr5l"
"2245";"Prss16"
"2246";"Prss2"
"2247";"Prss34"
"2248";"Prss50"
"2249";"Prss57"
"2250";"Prtn3"
"2251";"Psap"
"2252";"Psat1"
"2253";"Psen2"
"2254";"Psip1"
"2255";"Psma3"
"2256";"Psma5"
"2257";"Psma7"
"2258";"Psma8"
"2259";"Psmb3"
"2260";"Psmb4"
"2261";"Psmb7"
"2262";"Psmb8"
"2263";"Psmc2"
"2264";"Psmc3ip"
"2265";"Psmc5"
"2266";"Psmd1"
"2267";"Psmd11"
"2268";"Psmd12"
"2269";"Psmd2"
"2270";"Psmd3"
"2271";"Psmd4"
"2272";"Psmd5"
"2273";"Psmd6"
"2274";"Psmd7"
"2275";"Psmd9"
"2276";"Psme3"
"2277";"Psmf1"
"2278";"Psmg1"
"2279";"Psmg2"
"2280";"Psmg3"
"2281";"Pspc1"
"2282";"Ptcd3"
"2283";"Ptdss2"
"2284";"Ptger2"
"2285";"Ptger3"
"2286";"Ptges3"
"2287";"Ptgr1"
"2288";"Ptgs1"
"2289";"Ptgs2"
"2290";"Ptma"
"2291";"Ptms"
"2292";"Ptov1"
"2293";"Ptpn7"
"2294";"Ptprcap"
"2295";"Ptprf"
"2296";"Ptprj"
"2297";"Ptpro"
"2298";"Ptprs"
"2299";"Ptrh2"
"2300";"Pus7"
"2301";"Pusl1"
"2302";"Pxmp2"
"2303";"Pycard"
"2304";"Pycr1"
"2305";"Pycr2"
"2306";"Pycrl"
"2307";"Qdpr"
"2308";"Rab11fip1"
"2309";"Rab19"
"2310";"Rab27b"
"2311";"Rab37"
"2312";"Rab38"
"2313";"Rab3il1"
"2314";"Rab44"
"2315";"Rab4a"
"2316";"Rab7b"
"2317";"Rabep2"
"2318";"Rabgap1l"
"2319";"Rabggtb"
"2320";"Rabl6"
"2321";"Racgap1"
"2322";"Rack1"
"2323";"Rad1"
"2324";"Rad21"
"2325";"Rad23a"
"2326";"Rad50"
"2327";"Rad51d"
"2328";"Rad54b"
"2329";"Rad54l"
"2330";"Rag1"
"2331";"Rag2"
"2332";"Ralgapb"
"2333";"Ralgps2"
"2334";"Ramp1"
"2335";"Ran"
"2336";"Ranbp1"
"2337";"Ranbp10"
"2338";"Ranbp2"
"2339";"Rangrf"
"2340";"Rap1b"
"2341";"Rap2b"
"2342";"Raph1"
"2343";"Rapsn"
"2344";"Rars"
"2345";"Rasa4"
"2346";"Rasgrp1"
"2347";"Rasgrp2"
"2348";"Rasgrp3"
"2349";"Rasl11b"
"2350";"Rassf4"
"2351";"Rbbp7"
"2352";"Rbbp8"
"2353";"Rbks"
"2354";"Rbl1"
"2355";"Rbm15"
"2356";"Rbm44"
"2357";"Rbm47"
"2358";"Rbm8a"
"2359";"Rbms1"
"2360";"Rbmx"
"2361";"Rbmxl1"
"2362";"Rbp1"
"2363";"Rbpms"
"2364";"Rcc1"
"2365";"Rcc2"
"2366";"Rcl1"
"2367";"Rcsd1"
"2368";"Rdh12"
"2369";"Rec114"
"2370";"Rec8"
"2371";"Reck"
"2372";"Recql4"
"2373";"Reep2"
"2374";"Reep4"
"2375";"Reep6"
"2376";"Rel"
"2377";"Reln"
"2378";"Retn"
"2379";"Retnlg"
"2380";"Retsat"
"2381";"Rexo2"
"2382";"Rfc1"
"2383";"Rfc3"
"2384";"Rfc4"
"2385";"Rfc5"
"2386";"Rfesd"
"2387";"Rflnb"
"2388";"Rfwd3"
"2389";"Rfxap"
"2390";"Rgcc"
"2391";"Rgl1"
"2392";"Rgs1"
"2393";"Rgs10"
"2394";"Rgs12"
"2395";"Rgs18"
"2396";"Rgs2"
"2397";"Rhag"
"2398";"Rhd"
"2399";"Rhno1"
"2400";"Rhoc"
"2401";"Rhof"
"2402";"Rhoh"
"2403";"Rhoj"
"2404";"Rhou"
"2405";"Rif1"
"2406";"Rint1"
"2407";"Rmdn3"
"2408";"Rmi2"
"2409";"Rnase12"
"2410";"Rnase4"
"2411";"Rnase6"
"2412";"Rnaseh2a"
"2413";"Rnaseh2b"
"2414";"Rnaseh2c"
"2415";"Rnaset2a"
"2416";"Rnaset2b"
"2417";"Rnd1"
"2418";"Rnd3"
"2419";"Rnf123"
"2420";"Rnf128"
"2421";"Rnf17"
"2422";"Rnf220"
"2423";"Rnf26"
"2424";"Robo3"
"2425";"Rogdi"
"2426";"Rom1"
"2427";"Rora"
"2428";"Rp9"
"2429";"Rpa1"
"2430";"Rpa3"
"2431";"Rpf2"
"2432";"Rpgrip1"
"2433";"Rpia"
"2434";"Rpl10"
"2435";"Rpl10a"
"2436";"Rpl11"
"2437";"Rpl12"
"2438";"Rpl13"
"2439";"Rpl13a"
"2440";"Rpl14"
"2441";"Rpl15"
"2442";"Rpl17"
"2443";"Rpl18"
"2444";"Rpl22"
"2445";"Rpl22l1"
"2446";"Rpl23a"
"2447";"Rpl26"
"2448";"Rpl27"
"2449";"Rpl27a"
"2450";"Rpl29"
"2451";"Rpl3"
"2452";"Rpl32"
"2453";"Rpl36"
"2454";"Rpl36a"
"2455";"Rpl36al"
"2456";"Rpl38"
"2457";"Rpl39"
"2458";"Rpl39l"
"2459";"Rpl41"
"2460";"Rpl5"
"2461";"Rpl6"
"2462";"Rpl7a"
"2463";"Rpl8"
"2464";"Rpl9"
"2465";"Rplp0"
"2466";"Rplp1"
"2467";"Rplp2"
"2468";"Rpn1"
"2469";"Rpp30"
"2470";"Rpp38"
"2471";"Rps10"
"2472";"Rps12"
"2473";"Rps16"
"2474";"Rps17"
"2475";"Rps18"
"2476";"Rps19"
"2477";"Rps2"
"2478";"Rps21"
"2479";"Rps23"
"2480";"Rps25"
"2481";"Rps26"
"2482";"Rps27a"
"2483";"Rps27l"
"2484";"Rps28"
"2485";"Rps29"
"2486";"Rps3"
"2487";"Rps3a1"
"2488";"Rps4x"
"2489";"Rps5"
"2490";"Rps6"
"2491";"Rps6ka3"
"2492";"Rps7"
"2493";"Rps8"
"2494";"Rpsa"
"2495";"Rras2"
"2496";"Rrp15"
"2497";"Rrp1b"
"2498";"Rrp9"
"2499";"Rrs1"
"2500";"Rsad2"
"2501";"Rsl1d1"
"2502";"Rsph1"
"2503";"Rsph9"
"2504";"Rtcb"
"2505";"Rtp4"
"2506";"Runx2"
"2507";"Ruvbl1"
"2508";"Ruvbl2"
"2509";"Rwdd2b"
"2510";"Ryk"
"2511";"Ryr1"
"2512";"S100a1"
"2513";"S100a10"
"2514";"S100a11"
"2515";"S100a4"
"2516";"S100a6"
"2517";"S100a8"
"2518";"S100a9"
"2519";"S1pr1"
"2520";"S1pr3"
"2521";"Sae1"
"2522";"Sag"
"2523";"Samd1"
"2524";"Samd14"
"2525";"Samd3"
"2526";"Samd9l"
"2527";"Samm50"
"2528";"Sap18"
"2529";"Sapcd1"
"2530";"Sapcd2"
"2531";"Sash1"
"2532";"Sat1"
"2533";"Satb1"
"2534";"Sav1"
"2535";"Sbk1"
"2536";"Scarb2"
"2537";"Scd1"
"2538";"Scd2"
"2539";"Scimp"
"2540";"Scin"
"2541";"Scly"
"2542";"Scnn1a"
"2543";"Scoc"
"2544";"Scpep1"
"2545";"Scrg1"
"2546";"Scrn1"
"2547";"Scrn3"
"2548";"Sdc1"
"2549";"Sdc3"
"2550";"Sdc4"
"2551";"Sdf2l1"
"2552";"Sdhb"
"2553";"Sdhd"
"2554";"Sdsl"
"2555";"Sec14l2"
"2556";"Sec24a"
"2557";"Sec24d"
"2558";"Sec61a2"
"2559";"Sec61b"
"2560";"Seh1l"
"2561";"Selenbp1"
"2562";"Selenoh"
"2563";"Selenom"
"2564";"Selenop"
"2565";"Selenos"
"2566";"Sell"
"2567";"Selp"
"2568";"Selplg"
"2569";"Sema3d"
"2570";"Sema4a"
"2571";"Sema4f"
"2572";"Serbp1"
"2573";"Serf1"
"2574";"Serpina3f"
"2575";"Serpina3g"
"2576";"Serpinb1a"
"2577";"Serpinb6b"
"2578";"Serpinb8"
"2579";"Serpinb9"
"2580";"Serpine2"
"2581";"Serpinf1"
"2582";"Sesn1"
"2583";"Set"
"2584";"Sf3b4"
"2585";"Sfxn1"
"2586";"Sfxn2"
"2587";"Sgk1"
"2588";"Sgms2"
"2589";"Sgpp1"
"2590";"Sh2d1a"
"2591";"Sh2d2a"
"2592";"Sh2d5"
"2593";"Sh3bgr"
"2594";"Sh3glb1"
"2595";"Sh3tc2"
"2596";"Shcbp1"
"2597";"Shisa5"
"2598";"Shisa8"
"2599";"Shmt1"
"2600";"Shmt2"
"2601";"Shq1"
"2602";"Siglece"
"2603";"Siglecf"
"2604";"Siglecg"
"2605";"Siglech"
"2606";"Sil1"
"2607";"Sipa1l1"
"2608";"Sipa1l3"
"2609";"Sirpa"
"2610";"Sirpb1b"
"2611";"Sirpb1c"
"2612";"Sit1"
"2613";"Siva1"
"2614";"Ska1"
"2615";"Ska2"
"2616";"Ska3"
"2617";"Skap1"
"2618";"Skint3"
"2619";"Skp2"
"2620";"Sla"
"2621";"Sla2"
"2622";"Slamf1"
"2623";"Slamf6"
"2624";"Slamf7"
"2625";"Slamf9"
"2626";"Slc11a1"
"2627";"Slc11a2"
"2628";"Slc12a7"
"2629";"Slc14a1"
"2630";"Slc15a3"
"2631";"Slc16a1"
"2632";"Slc16a10"
"2633";"Slc16a11"
"2634";"Slc16a3"
"2635";"Slc16a6"
"2636";"Slc18a2"
"2637";"Slc19a1"
"2638";"Slc1a3"
"2639";"Slc1a5"
"2640";"Slc20a1"
"2641";"Slc22a4"
"2642";"Slc24a5"
"2643";"Slc25a1"
"2644";"Slc25a13"
"2645";"Slc25a19"
"2646";"Slc25a21"
"2647";"Slc25a3"
"2648";"Slc25a37"
"2649";"Slc25a38"
"2650";"Slc25a4"
"2651";"Slc25a44"
"2652";"Slc25a5"
"2653";"Slc26a2"
"2654";"Slc28a2"
"2655";"Slc29a1"
"2656";"Slc29a3"
"2657";"Slc2a3"
"2658";"Slc2a6"
"2659";"Slc2a8"
"2660";"Slc31a2"
"2661";"Slc35b1"
"2662";"Slc35d3"
"2663";"Slc37a2"
"2664";"Slc38a1"
"2665";"Slc38a10"
"2666";"Slc38a5"
"2667";"Slc39a10"
"2668";"Slc39a4"
"2669";"Slc39a8"
"2670";"Slc40a1"
"2671";"Slc41a3"
"2672";"Slc43a1"
"2673";"Slc43a3"
"2674";"Slc45a3"
"2675";"Slc46a1"
"2676";"Slc46a3"
"2677";"Slc4a1"
"2678";"Slc4a8"
"2679";"Slc6a13"
"2680";"Slc7a11"
"2681";"Slc7a4"
"2682";"Slc7a5"
"2683";"Slc7a8"
"2684";"Slc9a9"
"2685";"Slco2b1"
"2686";"Slco3a1"
"2687";"Slfn1"
"2688";"Slfn2"
"2689";"Slfn4"
"2690";"Slfn5"
"2691";"Slfn8"
"2692";"Slfn9"
"2693";"Slirp"
"2694";"Slk"
"2695";"Slpi"
"2696";"Smap2"
"2697";"Smarca4"
"2698";"Smarca5"
"2699";"Smarcc1"
"2700";"Smc2"
"2701";"Smchd1"
"2702";"Smim1"
"2703";"Smim13"
"2704";"Smim5"
"2705";"Smim6"
"2706";"Smn1"
"2707";"Smox"
"2708";"Smpdl3a"
"2709";"Smpdl3b"
"2710";"Smtnl2"
"2711";"Smyd2"
"2712";"Smyd3"
"2713";"Smyd5"
"2714";"Snca"
"2715";"Snd1"
"2716";"Snhg11"
"2717";"Snhg4"
"2718";"Snn"
"2719";"Snrnp200"
"2720";"Snrnp25"
"2721";"Snrpa"
"2722";"Snrpa1"
"2723";"Snrpd1"
"2724";"Snrpd2"
"2725";"Snrpe"
"2726";"Snrpf"
"2727";"Snrpg"
"2728";"Snu13"
"2729";"Snx14"
"2730";"Snx32"
"2731";"Soat1"
"2732";"Socs1"
"2733";"Socs2"
"2734";"Socs3"
"2735";"Sod1"
"2736";"Sod2"
"2737";"Sorbs2"
"2738";"Sord"
"2739";"Sox4"
"2740";"Spag5"
"2741";"Spata24"
"2742";"Spc24"
"2743";"Spc25"
"2744";"Spcs2"
"2745";"Spcs3"
"2746";"Spdl1"
"2747";"Specc1"
"2748";"Sphk1"
"2749";"Spi1"
"2750";"Spib"
"2751";"Spic"
"2752";"Spint2"
"2753";"Spire1"
"2754";"Spns2"
"2755";"Spns3"
"2756";"Spp1"
"2757";"Sppl2b"
"2758";"Spryd4"
"2759";"Spta1"
"2760";"Sptb"
"2761";"Sptbn1"
"2762";"Sqle"
"2763";"Src"
"2764";"Srgn"
"2765";"Srm"
"2766";"Srp19"
"2767";"Srpk1"
"2768";"Srprb"
"2769";"Srrt"
"2770";"Srsf3"
"2771";"Srsf7"
"2772";"Srsf9"
"2773";"Ssb"
"2774";"Ssbp1"
"2775";"Ssbp3"
"2776";"Ssna1"
"2777";"Ssr1"
"2778";"Ssr2"
"2779";"Ssr4"
"2780";"Ssrp1"
"2781";"Ssx2ip"
"2782";"St13"
"2783";"St3gal1"
"2784";"St3gal5"
"2785";"St3gal6"
"2786";"St6gal1"
"2787";"St8sia4"
"2788";"St8sia6"
"2789";"Stab2"
"2790";"Stambpl1"
"2791";"Stard10"
"2792";"Stat1"
"2793";"Steap3"
"2794";"Steap4"
"2795";"Stfa1"
"2796";"Stfa2"
"2797";"Stfa2l1"
"2798";"Stfa3"
"2799";"Stil"
"2800";"Stip1"
"2801";"Stk39"
"2802";"Stmn1"
"2803";"Stom"
"2804";"Stoml1"
"2805";"Stoml2"
"2806";"Strap"
"2807";"Stt3b"
"2808";"Stx11"
"2809";"Stx2"
"2810";"Stx3"
"2811";"Stxbp6"
"2812";"Suclg1"
"2813";"Suclg2"
"2814";"Sugp2"
"2815";"Sulf2"
"2816";"Sult1a1"
"2817";"Sumo2"
"2818";"Sun2"
"2819";"Suox"
"2820";"Supt16"
"2821";"Supv3l1"
"2822";"Surf2"
"2823";"Suv39h1"
"2824";"Suv39h2"
"2825";"Suz12"
"2826";"Svbp"
"2827";"Svip"
"2828";"Syce2"
"2829";"Syne2"
"2830";"Syngr1"
"2831";"Sytl3"
"2832";"Sytl4"
"2833";"Tac2"
"2834";"Tacstd2"
"2835";"Taf10"
"2836";"Taf12"
"2837";"Taf1d"
"2838";"Taf5"
"2839";"Tagap1"
"2840";"Tal1"
"2841";"Tamm41"
"2842";"Tango2"
"2843";"Tapbpl"
"2844";"Tars2"
"2845";"Tarsl2"
"2846";"Tbc1d10c"
"2847";"Tbc1d24"
"2848";"Tbc1d4"
"2849";"Tbl3"
"2850";"Tbrg4"
"2851";"Tbxa2r"
"2852";"Tbxas1"
"2853";"Tceal8"
"2854";"Tcerg1"
"2855";"Tcf15"
"2856";"Tcf19"
"2857";"Tcf3"
"2858";"Tcf4"
"2859";"Tcf7"
"2860";"Tcp1"
"2861";"Tcta"
"2862";"Tdg"
"2863";"Tdp1"
"2864";"Tecpr1"
"2865";"Tep1"
"2866";"Terf1"
"2867";"Terf2"
"2868";"Terf2ip"
"2869";"Tesc"
"2870";"Tespa1"
"2871";"Tex2"
"2872";"Tex264"
"2873";"Tex30"
"2874";"Tfec"
"2875";"Tfg"
"2876";"Tfpi"
"2877";"Tfr2"
"2878";"Tfrc"
"2879";"Tgfb1i1"
"2880";"Tgfbi"
"2881";"Tgfbr2"
"2882";"Tgfbr3"
"2883";"Tgm2"
"2884";"Tgtp1"
"2885";"Tgtp2"
"2886";"Thap12"
"2887";"Thbs1"
"2888";"Them6"
"2889";"Thop1"
"2890";"Thumpd3"
"2891";"Thy1"
"2892";"Thyn1"
"2893";"Tifa"
"2894";"Tifab"
"2895";"Timeless"
"2896";"Timm10"
"2897";"Timm10b"
"2898";"Timm13"
"2899";"Timm17a"
"2900";"Timm44"
"2901";"Timm50"
"2902";"Timm8a1"
"2903";"Timm8b"
"2904";"Timm9"
"2905";"Timp2"
"2906";"Tinagl1"
"2907";"Tk1"
"2908";"Tlcd1"
"2909";"Tlcd2"
"2910";"Tlk1"
"2911";"Tlr7"
"2912";"Tm6sf1"
"2913";"Tm7sf3"
"2914";"Tma16"
"2915";"Tmed3"
"2916";"Tmed9"
"2917";"Tmem106a"
"2918";"Tmem107"
"2919";"Tmem108"
"2920";"Tmem109"
"2921";"Tmem119"
"2922";"Tmem120b"
"2923";"Tmem121"
"2924";"Tmem141"
"2925";"Tmem147"
"2926";"Tmem14c"
"2927";"Tmem158"
"2928";"Tmem163"
"2929";"Tmem176a"
"2930";"Tmem176b"
"2931";"Tmem178"
"2932";"Tmem208"
"2933";"Tmem216"
"2934";"Tmem221"
"2935";"Tmem229b"
"2936";"Tmem238"
"2937";"Tmem245"
"2938";"Tmem26"
"2939";"Tmem33"
"2940";"Tmem38b"
"2941";"Tmem40"
"2942";"Tmem41a"
"2943";"Tmem45a2"
"2944";"Tmem53"
"2945";"Tmem9"
"2946";"Tmem97"
"2947";"Tmprss3"
"2948";"Tmsb10"
"2949";"Tmsb4x"
"2950";"Tnf"
"2951";"Tnfaip2"
"2952";"Tnfaip8l2"
"2953";"Tnfrsf13c"
"2954";"Tnfrsf18"
"2955";"Tnfrsf4"
"2956";"Tnfrsf9"
"2957";"Tnfsf14"
"2958";"Tnip3"
"2959";"Tnni1"
"2960";"Tnni2"
"2961";"Tnnt1"
"2962";"Tom1l1"
"2963";"Tomm20"
"2964";"Tomm22"
"2965";"Tomm40"
"2966";"Tomm5"
"2967";"Tomm6"
"2968";"Tomm70a"
"2969";"Tox"
"2970";"Tpcn1"
"2971";"Tpd52"
"2972";"Tpi1"
"2973";"Tpm1"
"2974";"Tpm2"
"2975";"Tpm4"
"2976";"Tppp3"
"2977";"Tpr"
"2978";"Traf1"
"2979";"Traf4"
"2980";"Traip"
"2981";"Trak2"
"2982";"Trap1"
"2983";"Trappc11"
"2984";"Trbc1"
"2985";"Trbc2"
"2986";"Trdc"
"2987";"Trem1"
"2988";"Trem2"
"2989";"Trem3"
"2990";"Treml4"
"2991";"Trf"
"2992";"Triap1"
"2993";"Trib1"
"2994";"Trib2"
"2995";"Trib3"
"2996";"Trim10"
"2997";"Trim12c"
"2998";"Trim2"
"2999";"Trim26"
"3000";"Trim28"
"3001";"Trim30a"
"3002";"Trim37"
"3003";"Trim45"
"3004";"Trim47"
"3005";"Trim5"
"3006";"Trim59"
"3007";"Trip13"
"3008";"Trip6"
"3009";"Trmt10a"
"3010";"Trmt10c"
"3011";"Trmt6"
"3012";"Trmt61a"
"3013";"Trmu"
"3014";"Troap"
"3015";"Trp53"
"3016";"Trp53i11"
"3017";"Trp53inp1"
"3018";"Trpm2"
"3019";"Trpv2"
"3020";"Tsc22d1"
"3021";"Tsfm"
"3022";"Tshz1"
"3023";"Tslp"
"3024";"Tspan13"
"3025";"Tspan15"
"3026";"Tspan2"
"3027";"Tspan3"
"3028";"Tspan33"
"3029";"Tspan4"
"3030";"Tspan8"
"3031";"Tspo2"
"3032";"Tsr1"
"3033";"Tsr3"
"3034";"Tssc4"
"3035";"Tst"
"3036";"Tstd3"
"3037";"Ttll11"
"3038";"Ttll12"
"3039";"Tuba1a"
"3040";"Tuba1b"
"3041";"Tuba1c"
"3042";"Tuba4a"
"3043";"Tuba8"
"3044";"Tubb2a"
"3045";"Tubb2b"
"3046";"Tubb3"
"3047";"Tubb5"
"3048";"Tubb6"
"3049";"Tubg1"
"3050";"Tubgcp3"
"3051";"Tufm"
"3052";"Tusc3"
"3053";"Txk"
"3054";"Txn2"
"3055";"Txndc5"
"3056";"Txnip"
"3057";"Txnl1"
"3058";"Txnl4a"
"3059";"Txnrd2"
"3060";"Txnrd3"
"3061";"Tyrobp"
"3062";"U2af1"
"3063";"U2surp"
"3064";"Uap1"
"3065";"Uba2"
"3066";"Uba7"
"3067";"Ubac1"
"3068";"Ubash3b"
"3069";"Ubc"
"3070";"Ubd"
"3071";"Ube2l6"
"3072";"Ube2m"
"3073";"Ube2s"
"3074";"Ube2t"
"3075";"Ube2v2"
"3076";"Ubl4a"
"3077";"Ublcp1"
"3078";"Ubox5"
"3079";"Ubxn2a"
"3080";"Uchl1"
"3081";"Uchl3"
"3082";"Uchl5"
"3083";"Uck2"
"3084";"Ufsp1"
"3085";"Ugcg"
"3086";"Umps"
"3087";"Unc119"
"3088";"Unc93b1"
"3089";"Upb1"
"3090";"Upp1"
"3091";"Uqcc2"
"3092";"Uqcr10"
"3093";"Uqcr11"
"3094";"Uqcrc1"
"3095";"Uqcrc2"
"3096";"Uqcrfs1"
"3097";"Uqcrq"
"3098";"Urgcp"
"3099";"Urod"
"3100";"Uros"
"3101";"Usp15"
"3102";"Usp16"
"3103";"Usp18"
"3104";"Usp24"
"3105";"Usp37"
"3106";"Usp39"
"3107";"Usp40"
"3108";"Usp45"
"3109";"Usp46"
"3110";"Usp50"
"3111";"Utp14a"
"3112";"Utp18"
"3113";"Utp20"
"3114";"Utp4"
"3115";"Vamp5"
"3116";"Vat1"
"3117";"Vav3"
"3118";"Vcam1"
"3119";"Vcl"
"3120";"Vdac1"
"3121";"Vdac2"
"3122";"Vegfb"
"3123";"Vgll4"
"3124";"Vill"
"3125";"Vim"
"3126";"Vkorc1"
"3127";"Vkorc1l1"
"3128";"Vldlr"
"3129";"Vpreb1"
"3130";"Vpreb2"
"3131";"Vpreb3"
"3132";"Vps13c"
"3133";"Vps13d"
"3134";"Vps18"
"3135";"Vsig4"
"3136";"Vwf"
"3137";"Wapl"
"3138";"Wdhd1"
"3139";"Wdr12"
"3140";"Wdr18"
"3141";"Wdr36"
"3142";"Wdr4"
"3143";"Wdr43"
"3144";"Wdr46"
"3145";"Wdr55"
"3146";"Wdr6"
"3147";"Wdr74"
"3148";"Wdr75"
"3149";"Wdr77"
"3150";"Wdr89"
"3151";"Wdr92"
"3152";"Wdsub1"
"3153";"Wfdc17"
"3154";"Wfdc18"
"3155";"Wfdc21"
"3156";"Whamm"
"3157";"Wnt10a"
"3158";"Wrn"
"3159";"Xaf1"
"3160";"Xbp1"
"3161";"Xcl1"
"3162";"Xk"
"3163";"Xkr8"
"3164";"Xlr4a"
"3165";"Xlr4b"
"3166";"Xlr4c"
"3167";"Xpc"
"3168";"Xpnpep1"
"3169";"Xpo1"
"3170";"Xpo7"
"3171";"Xpot"
"3172";"Xpr1"
"3173";"Xrcc5"
"3174";"Xrcc6"
"3175";"Yars"
"3176";"Yars2"
"3177";"Ybx1"
"3178";"Ybx3"
"3179";"Ydjc"
"3180";"Yif1b"
"3181";"Ypel1"
"3182";"Zap70"
"3183";"Zbp1"
"3184";"Zbtb20"
"3185";"Zbtb32"
"3186";"Zbtb46"
"3187";"Zc3h13"
"3188";"Zc3h6"
"3189";"Zcwpw1"
"3190";"Zeb2"
"3191";"Zfhx3"
"3192";"Zfp101"
"3193";"Zfp287"
"3194";"Zfp318"
"3195";"Zfp326"
"3196";"Zfp36"
"3197";"Zfp367"
"3198";"Zfp36l1"
"3199";"Zfp422"
"3200";"Zfp428"
"3201";"Zfp467"
"3202";"Zfp593"
"3203";"Zfp606"
"3204";"Zfp608"
"3205";"Zfp637"
"3206";"Zfp639"
"3207";"Zfp672"
"3208";"Zfp706"
"3209";"Zfp747"
"3210";"Zfp771"
"3211";"Zfp800"
"3212";"Zfp821"
"3213";"Zfp827"
"3214";"Zfp87"
"3215";"Zfp956"
"3216";"Zfp961"
"3217";"Zfp991"
"3218";"Zfp992"
"3219";"Zfpm1"
"3220";"Zg16"
"3221";"Zmiz1"
"3222";"Zmpste24"
"3223";"Zmynd19"
"3224";"Znfx1"
"3225";"Znhit3"
"3226";"Zscan26"
"3227";"Zwilch"
"3228";"Zwint"
"3229";"1300017J02Rik"
"3230";"6030468B19Rik"
"3231";"9130230L23Rik"
"3232";"AA986860"
"3233";"Abcg3"
"3234";"Abcg4"
"3235";"Adam33"
"3236";"Adcy6"
"3237";"Aldh1a7"
"3238";"Alox12e"
"3239";"Amigo2"
"3240";"Amotl1"
"3241";"Apol9b"
"3242";"Arg1"
"3243";"Arhgap22"
"3244";"Arhgap6"
"3245";"Arhgdig"
"3246";"Asb17"
"3247";"Atp6v0d2"
"3248";"Atp9a"
"3249";"Bex2"
"3250";"Bgn"
"3251";"Bicd1"
"3252";"Bpifc"
"3253";"C4b"
"3254";"Cachd1"
"3255";"Cacna2d1"
"3256";"Cald1"
"3257";"Car7"
"3258";"Ccl17"
"3259";"Ccl24"
"3260";"Ccl8"
"3261";"Ccr6"
"3262";"Cda"
"3263";"Cep290"
"3264";"Cib3"
"3265";"Clca3a1"
"3266";"Clec1a"
"3267";"Clgn"
"3268";"Cma1"
"3269";"Cmklr1"
"3270";"Cmya5"
"3271";"Cnmd"
"3272";"Cpne9"
"3273";"Crlf1"
"3274";"Crtam"
"3275";"Cryab"
"3276";"Csgalnact1"
"3277";"Ctnnal1"
"3278";"Cxcl12"
"3279";"Cxcl9"
"3280";"Cysltr1"
"3281";"Dse"
"3282";"Dusp8"
"3283";"Dyrk4"
"3284";"Ear6"
"3285";"Ephx2"
"3286";"Epx"
"3287";"Esam"
"3288";"Fgf15"
"3289";"Fmr1nb"
"3290";"Folr1"
"3291";"Fosl1"
"3292";"Fxyd6"
"3293";"Garnl3"
"3294";"Gja1"
"3295";"Gjb2"
"3296";"Gls2"
"3297";"Gm42517"
"3298";"Gm45902"
"3299";"Gml2"
"3300";"Gpx8"
"3301";"Grb10"
"3302";"Gsta4"
"3303";"Hbq1b"
"3304";"Hmga2"
"3305";"Hnf4a"
"3306";"Homer2"
"3307";"Hormad2"
"3308";"Hoxa10"
"3309";"Hspb1"
"3310";"Igsf3"
"3311";"Iqcd"
"3312";"Kcnc1"
"3313";"Kcng1"
"3314";"Kdr"
"3315";"Khdc1a"
"3316";"Klhdc8b"
"3317";"Lmcd1"
"3318";"Lpar1"
"3319";"Mboat2"
"3320";"Mc1r"
"3321";"Mecom"
"3322";"Mip"
"3323";"Mn1"
"3324";"Morn5"
"3325";"Mst1r"
"3326";"Myh10"
"3327";"Myo10"
"3328";"Myof"
"3329";"Nags"
"3330";"Ndnf"
"3331";"Ninl"
"3332";"Nkx2-3"
"3333";"Nol3"
"3334";"Npr1"
"3335";"Nrap"
"3336";"Nrip3"
"3337";"P2ry1"
"3338";"P3h3"
"3339";"Pard3b"
"3340";"Pbld2"
"3341";"Pcdh7"
"3342";"Pcgf2"
"3343";"Pde10a"
"3344";"Pdgfrb"
"3345";"Pdia2"
"3346";"Pdzph1"
"3347";"Phyhip"
"3348";"Pls1"
"3349";"Plxna1"
"3350";"Procr"
"3351";"Ptcra"
"3352";"Ptgds"
"3353";"Ptpn14"
"3354";"Reps2"
"3355";"Runx1t1"
"3356";"S100a3"
"3357";"Saa3"
"3358";"Sbspon"
"3359";"Scamp5"
"3360";"Scarf1"
"3361";"Scn1b"
"3362";"Serpinb2"
"3363";"Sfrp4"
"3364";"Sh2d4a"
"3365";"Slamf8"
"3366";"Slc22a3"
"3367";"Slc26a1"
"3368";"Slc39a1"
"3369";"Slc5a2"
"3370";"Sowaha"
"3371";"Sox6"
"3372";"Spin4"
"3373";"Spon2"
"3374";"Spry2"
"3375";"Sstr2"
"3376";"Stab1"
"3377";"Stxbp4"
"3378";"Tceal3"
"3379";"Tek"
"3380";"Themis"
"3381";"Timp3"
"3382";"Tjp1"
"3383";"Tlr3"
"3384";"Tm4sf1"
"3385";"Tmem215"
"3386";"Tmem267"
"3387";"Tmem81"
"3388";"Tmod1"
"3389";"Tnfrsf17"
"3390";"Tnfsf11"
"3391";"Tnni3"
"3392";"Tox2"
"3393";"Trap1a"
"3394";"Treml1"
"3395";"Trpc6"
"3396";"Try10"
"3397";"Uaca"
"3398";"Upk3bl"
"3399";"Utf1"
"3400";"Vcan"
"3401";"Wfdc2"
"3402";"Xlr"
"3403";"Xlr3a"
"3404";"Xlr3b"
"3405";"Zbtb16"
"3406";"Zfp503"
"3407";"Zfp599"
"3408";"Zfp979"
"3409";"2610528J11Rik"
"3410";"4930548H24Rik"
"3411";"Adamts13"
"3412";"Alpk2"
"3413";"Cfb"
"3414";"Chst2"
"3415";"Cited1"
"3416";"Clmn"
"3417";"Cp"
"3418";"Ctsk"
"3419";"Ddah1"
"3420";"Ddx4"
"3421";"Ecscr"
"3422";"Fhdc1"
"3423";"Fkbp6"
"3424";"Fscn1"
"3425";"Gas6"
"3426";"Gm14137"
"3427";"Hoxb2"
"3428";"Lhfp"
"3429";"Lmo7"
"3430";"Loxl2"
"3431";"Myl9"
"3432";"Npdc1"
"3433";"Phactr3"
"3434";"Phlda2"
"3435";"Plek2"
"3436";"Ppef2"
"3437";"Ppp1r14a"
"3438";"Ptpn13"
"3439";"Rbfox1"
"3440";"Rbpms2"
"3441";"Rep15"
"3442";"Slc9b1"
"3443";"Tspan7"
"3444";"Xcr1"
"3445";"Adamts1"
"3446";"C2cd4a"
"3447";"Chl1"
"3448";"Col28a1"
"3449";"Creb5"
"3450";"Cxcl5"
"3451";"Dcaf12l1"
"3452";"F830016B08Rik"
"3453";"Fam181b"
"3454";"Gm4841"
"3455";"Htra3"
"3456";"Il1a"
"3457";"Islr"
"3458";"Itga3"
"3459";"Kcnj5"
"3460";"Lrrc3"
"3461";"Lrrc31"
"3462";"Lzts1"
"3463";"Mgarp"
"3464";"Mid1"
"3465";"Nebl"
"3466";"Npy"
"3467";"Nxf7"
"3468";"Ptn"
"3469";"Rxrg"
"3470";"Smtnl1"
"3471";"Spats2"
"3472";"Syce1"
"3473";"Synm"
"3474";"Tc2n"
"3475";"Usp26"
"3476";"Bace2"
"3477";"Chga"
"3478";"Clca3a2"
"3479";"Fjx1"
"3480";"Gm8251"
"3481";"Lepr"
"3482";"Map7d2"
"3483";"Matn4"
"3484";"Mgat4c"
"3485";"Mpp3"
"3486";"Pitx2"
"3487";"Rbp4"
"3488";"Rcvrn"
"3489";"Scd3"
"3490";"Slc28a3"
"3491";"Tex11"
"3492";"Apba2"
"3493";"Nrk"
"3494";"Pde3a"
"3495";"Lrrc52"
"3496";"Slc17a8"
"3497";"Aard"
"3498";"Hoxc6"
"3499";"Ppp2r2b"
"3500";"Nxph1"
"3501";"Apoc2"
"3502";"Arhgap42"
"3503";"Kcne1l"
"3504";"Atp5md"
"3505";"Atp5pb"
"3506";"Bbln"
"3507";"C1qtnf12"
"3508";"Cavin2"
"3509";"Cavin3"
"3510";"Cd244a"
"3511";"Cfap298"
"3512";"Ciao2b"
"3513";"Cip2a"
"3514";"Ddx39a"
"3515";"Dipk1b"
"3516";"Dipk2a"
"3517";"Dync2i1"
"3518";"Dynlt5"
"3519";"Fam241a"
"3520";"Fyb2"
"3521";"Get3"
"3522";"Gm49342"
"3523";"Gucy1a1"
"3524";"Gucy1b1"
"3525";"H1f1"
"3526";"H1f10"
"3527";"H1f2"
"3528";"H1f3"
"3529";"H1f4"
"3530";"H1f5"
"3531";"H2ac10"
"3532";"H2ac15"
"3533";"H2ac18"
"3534";"H2ac20"
"3535";"H2ac22"
"3536";"H2ac24"
"3537";"H2ac4"
"3538";"H2ac8"
"3539";"H2aw"
"3540";"H2ax"
"3541";"H2az1"
"3542";"H2bc11"
"3543";"H2bc3"
"3544";"H2bc4"
"3545";"H2bu2"
"3546";"H3c11"
"3547";"H3c3"
"3548";"H4c14"
"3549";"H4c3"
"3550";"H4c4"
"3551";"H4c9"
"3552";"H4f16"
"3553";"Haspin"
"3554";"Hdgfl3"
"3555";"Ilrun"
"3556";"Irag1"
"3557";"Jpt1"
"3558";"Macir"
"3559";"Macroh2a1"
"3560";"Marchf5"
"3561";"Marchf8"
"3562";"Mars1"
"3563";"Mcrip2"
"3564";"Micos10"
"3565";"Mtres1"
"3566";"Niban1"
"3567";"Pgap4"
"3568";"Pgap6"
"3569";"Pimreg"
"3570";"Prxl2a"
"3571";"Rbis"
"3572";"Retreg2"
"3573";"Rps23rg1"
"3574";"Septin3"
"3575";"Septin4"
"3576";"Septin8"
"3577";"Sgo1"
"3578";"Sgo2a"
"3579";"Slc66a2"
"3580";"Smim40"
"3581";"Sqor"
"3582";"Sting1"
"3583";"Tent5a"
"3584";"Tlcd4"
"3585";"Znrd2"
